Date,Actual_Injuries,ETS_Injuries,Actual_Death,ETS_Death
2025-01-01,6332,6337.318280967067,407,357.83149593992266
2025-02-01,5811,5839.8301106872705,423,323.34231570399714
2025-03-01,7290,6835.791573559905,583,390.59772666880826
2025-04-01,6674,7163.265892297385,502,461.59398646015825
2025-05-01,6808,7086.283661414312,466,421.57736225322276
2025-06-01,7318,6965.878673038145,483,412.3117105013463
2025-07-01,6851,7255.04547397338,407,454.53471477719813
2025-08-01,7598,7329.55029474726,482,460.51802339901553
2025-09-01,8117,7419.791296042773,509,417.7443365527611
2025-10-01,8245,7600.504262123831,575,427.48783056239324
2025-11-01,7162,6993.0009619911925,504,370.5243861227026
2025-12-01,6347,6869.246496064212,488,389.79743950555115
