Date,Forecast_Injuries,Forecast_Death
2026-01-01,6663.748278454591,447.01606633941765
2026-02-01,6160.990062364854,422.56625393410576
2026-03-01,7254.34677951331,508.34084626570854
2026-04-01,7394.684607298001,548.9379511000617
2026-05-01,7358.51702659403,509.7091972974782
2026-06-01,7365.931432667625,505.71844306309305
2026-07-01,7503.018348663593,524.3178160432927
2026-08-01,7711.722754897115,544.131613872564
2026-09-01,7889.1572236686625,515.4010197632177
2026-10-01,8060.187652430185,536.4486206480092
2026-11-01,7355.378722021057,476.6502915877487
2026-12-01,7093.199551765229,488.84673678892534
