Date,Actual_Injuries,Forecast_Injuries,Actual_Death,Forecast_Death
2025-01-01,6332,6580.429881025059,407,386.0334800856605
2025-02-01,5811,5861.0922193993065,423,355.28088444288164
2025-03-01,7290,7044.8147139296225,583,400.6674019035099
2025-04-01,6674,7336.283363267475,502,442.6275510204403
2025-05-01,6808,6898.6367547034215,466,337.41692285516456
2025-06-01,7318,6842.669070080764,483,372.4975276588874
2025-07-01,6851,7112.506705839431,407,365.4544343823834
2025-08-01,7598,7444.203237715974,482,365.0948369198774
2025-09-01,8117,7385.629909741103,509,332.61240631623764
2025-10-01,8245,7810.402405632671,575,345.0613770388422
2025-11-01,7162,6999.40900598414,504,291.6603862088457
2025-12-01,6347,7003.100003251213,488,320.92076305593685
